model,pairing,ordering,n_orbitals,max_pair_cut,cut,condition_number,norm_relative_error,exact_rank,rank_dw_1e-08,rank_dw_1e-10,rank_dw_1e-12,entropy,largest_singular_value,smallest_retained_singular_value
identity,adjacent,natural,6,1,1,1.0,0.0,2,2,2,2,0.6931471805599453,0.7071067811865476,0.7071067811865476
identity,adjacent,natural,6,1,2,1.0,0.0,1,1,1,1,-0.0,1.0000000000000002,1.0000000000000002
identity,adjacent,natural,6,1,3,1.0,0.0,2,2,2,2,0.6931471805599453,0.7071067811865476,0.7071067811865476
identity,adjacent,natural,6,1,4,1.0,0.0,1,1,1,1,-0.0,1.0000000000000002,1.0000000000000002
identity,adjacent,natural,6,1,5,1.0,0.0,2,2,2,2,0.6931471805599453,0.7071067811865476,0.7071067811865476
identity,adjacent,natural,8,1,1,1.0,0.0,2,2,2,2,0.6931471805599453,0.7071067811865476,0.7071067811865476
identity,adjacent,natural,8,1,2,1.0,0.0,1,1,1,1,9.056320547599769e-31,1.0,1.0
identity,adjacent,natural,8,1,3,1.0,0.0,2,2,2,2,0.6931471805599453,0.7071067811865476,0.7071067811865476
identity,adjacent,natural,8,1,4,1.0,0.0,1,1,1,1,3.3289409527981865e-32,1.0,1.0
identity,adjacent,natural,8,1,5,1.0,0.0,2,2,2,2,0.6931471805599453,0.7071067811865476,0.7071067811865476
identity,adjacent,natural,8,1,6,1.0,0.0,1,1,1,1,6.216666625600777e-31,1.0,1.0
identity,adjacent,natural,8,1,7,1.0,0.0,2,2,2,2,0.6931471805599453,0.7071067811865476,0.7071067811865476
identity,adjacent,natural,10,1,1,1.0,0.0,2,2,2,2,0.6931471805599453,0.7071067811865476,0.7071067811865476
identity,adjacent,natural,10,1,2,1.0,0.0,1,1,1,1,1.7941767122603304e-30,1.0000000000000002,1.0000000000000002
identity,adjacent,natural,10,1,3,1.0,0.0,2,2,2,2,0.6931471805599453,0.7071067811865476,0.7071067811865476
identity,adjacent,natural,10,1,4,1.0,0.0,1,1,1,1,3.4414564076388627e-31,1.0000000000000002,1.0000000000000002
identity,adjacent,natural,10,1,5,1.0,0.0,2,2,2,2,0.6931471805599453,0.7071067811865476,0.7071067811865476
identity,adjacent,natural,10,1,6,1.0,0.0,1,1,1,1,6.398251233501144e-31,1.0000000000000002,1.0000000000000002
identity,adjacent,natural,10,1,7,1.0,0.0,2,2,2,2,0.6931471805599453,0.7071067811865476,0.7071067811865476
identity,adjacent,natural,10,1,8,1.0,0.0,1,1,1,1,-0.0,1.0000000000000002,1.0000000000000002
identity,adjacent,natural,10,1,9,1.0,0.0,2,2,2,2,0.6931471805599453,0.7071067811865476,0.7071067811865476
identity,adjacent,natural,12,1,1,1.0,0.0,2,2,2,2,0.6931471805599453,0.7071067811865476,0.7071067811865476
identity,adjacent,natural,12,1,2,1.0,0.0,1,1,1,1,3.5541786300014234e-30,0.9999999999999998,0.9999999999999998
identity,adjacent,natural,12,1,3,1.0,0.0,2,2,2,2,0.6931471805599453,0.7071067811865476,0.7071067811865476
identity,adjacent,natural,12,1,4,1.0,0.0,1,1,1,1,-0.0,1.0,1.0
identity,adjacent,natural,12,1,5,1.0,0.0,2,2,2,2,0.6931471805599453,0.7071067811865476,0.7071067811865476
identity,adjacent,natural,12,1,6,1.0,0.0,1,1,1,1,5.355926283041441e-29,0.9999999999999997,0.9999999999999997
identity,adjacent,natural,12,1,7,1.0,0.0,2,2,2,2,0.6931471805599453,0.7071067811865476,0.7071067811865476
identity,adjacent,natural,12,1,8,1.0,0.0,1,1,1,1,-0.0,1.0,1.0
identity,adjacent,natural,12,1,9,1.0,0.0,2,2,2,2,0.6931471805599453,0.7071067811865476,0.7071067811865476
identity,adjacent,natural,12,1,10,1.0,0.0,1,1,1,1,5.809680001632686e-31,1.0,1.0
identity,adjacent,natural,12,1,11,1.0,0.0,2,2,2,2,0.6931471805599453,0.7071067811865476,0.7071067811865476
local,adjacent,natural,6,1,1,3.660935481416296,5.687236976156789e-16,3,3,3,3,1.063052724470507,0.6791459244427068,0.4987986399596986
local,adjacent,natural,6,1,2,3.660935481416296,5.687236976156789e-16,3,3,3,3,0.27212602869864055,1.0487062186555127,0.18906840501942507
local,adjacent,natural,6,1,3,3.660935481416296,5.687236976156789e-16,3,3,3,3,1.0544201985672534,0.6847864193691328,0.483128943756351
local,adjacent,natural,6,1,4,3.660935481416296,5.687236976156789e-16,3,3,3,3,0.2744972239641448,1.0483190061411771,0.1901390517004558
local,adjacent,natural,6,1,5,3.660935481416296,5.687236976156789e-16,3,3,3,3,1.0582686854926417,0.682362203858604,0.4899409169383392
local,adjacent,natural,8,1,1,3.887574660211773,1.1132567440021303e-15,3,3,3,3,1.0630526586368143,0.686485109032391,0.5041887424578866
local,adjacent,natural,8,1,2,3.887574660211773,1.1132567440021303e-15,3,3,3,3,0.2721298447637813,1.060038352941024,0.19111330168485566
local,adjacent,natural,8,1,3,3.887574660211773,1.1132567440021303e-15,3,3,3,3,1.054436852008189,0.6921761922039,0.4883790902156974
local,adjacent,natural,8,1,4,3.887574660211773,1.1132567440021303e-15,3,3,3,3,0.27359840812304737,1.059796125118085,0.19178382498582253
local,adjacent,natural,8,1,5,3.887574660211773,1.1132567440021303e-15,3,3,3,3,1.05445916908402,0.692162360328334,0.4884182958869492
local,adjacent,natural,8,1,6,3.887574660211773,1.1132567440021303e-15,3,3,3,3,0.2744909396114146,1.0596486240400667,0.19219090956349422
local,adjacent,natural,8,1,7,3.887574660211773,1.1132567440021303e-15,3,3,3,3,1.058268524436251,0.6897362038838634,0.49523513200443264
local,adjacent,natural,10,1,1,4.014608643838675,3.2687416743011095e-15,3,3,3,3,1.0630526589173623,0.6939035601735339,0.5096372219337872
local,adjacent,natural,10,1,2,4.014608643838675,3.2687416743011095e-15,3,3,3,3,0.272129828501807,1.0714935829187875,0.19317854615259414
local,adjacent,natural,10,1,3,4.014608643838675,3.2687416743011095e-15,3,3,3,3,1.0544367810477466,0.699656188270044,0.49365659729640443
local,adjacent,natural,10,1,4,4.014608643838675,3.2687416743011095e-15,3,3,3,3,0.273602240935087,1.0712480949752865,0.19385809066842957
local,adjacent,natural,10,1,5,4.014608643838675,3.2687416743011095e-15,3,3,3,3,1.0544758176713287,0.6996317295548952,0.4937259215632199
local,adjacent,natural,10,1,6,4.014608643838675,3.2687416743011095e-15,3,3,3,3,0.27359214045357466,1.071249780997614,0.19385343218003892
local,adjacent,natural,10,1,7,4.014608643838675,3.2687416743011095e-15,3,3,3,3,1.0544590030541139,0.6996422665037976,0.49369605777872816
local,adjacent,natural,10,1,8,4.014608643838675,3.2687416743011095e-15,3,3,3,3,0.2744909663920748,1.0710996352559277,0.1942678189742416
local,adjacent,natural,10,1,9,4.014608643838675,3.2687416743011095e-15,3,3,3,3,1.0582685251225876,0.6971897874908057,0.5005868556608822
local,adjacent,natural,12,1,1,4.092594883315942,1.0130875102058552e-14,3,3,3,3,1.0630526589161668,0.7014021784553157,0.5151445794496419
local,adjacent,natural,12,1,2,4.092594883315942,1.0130875102058552e-14,3,3,3,3,0.2721298285711074,1.0830726002661812,0.1952661160733291
local,adjacent,natural,12,1,3,4.092594883315942,1.0130875102058552e-14,3,3,3,3,1.0544367813501423,0.7072169717160175,0.49899126190117254
local,adjacent,natural,12,1,4,4.092594883315942,1.0130875102058552e-14,3,3,3,3,0.2736022246017475,1.0828244622426926,0.19595299639058328
local,adjacent,natural,12,1,5,4.092594883315942,1.0130875102058552e-14,3,3,3,3,1.0544757467315722,0.7071922938212813,0.4990612074081315
local,adjacent,natural,12,1,6,4.092594883315942,1.0130875102058552e-14,3,3,3,3,0.27359597319441625,1.0828255170384986,0.19595008199842878
local,adjacent,natural,12,1,7,4.092594883315942,1.0130875102058552e-14,3,3,3,3,1.0544756516621114,0.7071923540476304,0.49906103672117647
local,adjacent,natural,12,1,8,4.092594883315942,1.0130875102058552e-14,3,3,3,3,0.2735921671631384,1.0828261592223347,0.19594830762713905
local,adjacent,natural,12,1,9,4.092594883315942,1.0130875102058552e-14,3,3,3,3,1.054459003761645,0.7072028992485659,0.4990311495377004
local,adjacent,natural,12,1,10,4.092594883315942,1.0130875102058552e-14,3,3,3,3,0.27449096627795,1.0826743954675468,0.1963671599568714
local,adjacent,natural,12,1,11,4.092594883315942,1.0130875102058552e-14,3,3,3,3,1.0582685251196629,0.7047239181498255,0.5059964110497124
dense,adjacent,natural,6,1,1,3.660935481416293,2.220446049250313e-16,3,3,3,3,0.9666349354090317,0.5876514869321489,0.2956247105308137
dense,adjacent,natural,6,1,2,3.660935481416293,2.220446049250313e-16,6,6,6,6,0.8560890272015802,0.7738906129585192,0.11559922823586824
dense,adjacent,natural,6,1,3,3.660935481416293,2.220446049250313e-16,18,18,18,18,1.4455717569569013,0.5384958115187202,0.015529363248904629
dense,adjacent,natural,6,1,4,3.660935481416293,2.220446049250313e-16,6,6,6,6,0.47924811554872837,0.8330458114684073,0.056627439611690665
dense,adjacent,natural,6,1,5,3.660935481416293,2.220446049250313e-16,3,3,3,3,0.8963302447763896,0.6018264636922449,0.23167288331380612
dense,adjacent,natural,8,1,1,3.8875746602117736,3.3306690738754696e-16,3,3,3,3,0.9839964990993979,0.5279983293864269,0.2829721943403184
dense,adjacent,natural,8,1,2,3.8875746602117736,3.3306690738754696e-16,6,6,6,6,0.9591975904530623,0.6875830401636319,0.1196022888370455
dense,adjacent,natural,8,1,3,3.8875746602117736,3.3306690738754696e-16,18,18,18,18,1.6601352619109846,0.48948817787639726,0.021093684760179518
dense,adjacent,natural,8,1,4,3.8875746602117736,3.3306690738754696e-16,36,36,36,36,1.1092451488658097,0.682064915791686,0.0008604310364562238
dense,adjacent,natural,8,1,5,3.8875746602117736,3.3306690738754696e-16,18,18,18,18,1.461524153631287,0.4960650221242109,0.01107908206776632
dense,adjacent,natural,8,1,6,3.8875746602117736,3.3306690738754696e-16,6,6,6,6,0.5381215001659447,0.7435271604216022,0.04093474894028358
dense,adjacent,natural,8,1,7,3.8875746602117736,3.3306690738754696e-16,3,3,3,3,0.9993712818206912,0.5240841478521933,0.29716888528170526
dense,adjacent,natural,10,1,1,4.014608643838672,4.440892098500626e-16,3,3,3,3,1.0027070960481603,0.4794814392323855,0.2752551748295154
dense,adjacent,natural,10,1,2,4.014608643838672,4.440892098500626e-16,6,6,6,6,0.5923245786492093,0.6808633895395286,0.052220007127601976
dense,adjacent,natural,10,1,3,4.014608643838672,4.440892098500626e-16,18,18,18,18,1.4269307712400368,0.46933994383560734,0.013371388648965981
dense,adjacent,natural,10,1,4,4.014608643838672,4.440892098500626e-16,36,36,36,36,1.0667937266090863,0.6437206051057038,0.0025343451164969353
dense,adjacent,natural,10,1,5,4.014608643838672,4.440892098500626e-16,108,105,108,108,1.876661442784689,0.4317987195423618,4.172304402268096e-05
dense,adjacent,natural,10,1,6,4.014608643838672,4.440892098500626e-16,36,36,36,36,1.23103908164209,0.6200960350801822,0.002948828027242274
dense,adjacent,natural,10,1,7,4.014608643838672,4.440892098500626e-16,18,18,18,18,1.4614907216610764,0.4689951682795666,0.011295703815222272
dense,adjacent,natural,10,1,8,4.014608643838672,4.440892098500626e-16,6,6,6,6,0.663771333359765,0.6726381210435392,0.07086240353742825
dense,adjacent,natural,10,1,9,4.014608643838672,4.440892098500626e-16,3,3,3,3,0.9282956366892785,0.49447168433332367,0.21579114715918846
dense,adjacent,natural,12,1,1,4.092594883315946,2.7755575615628914e-16,3,3,3,3,0.7867798003409732,0.4624080386081475,0.10039416773356113
dense,adjacent,natural,12,1,2,4.092594883315946,2.7755575615628914e-16,6,6,6,6,0.5131271308452394,0.6193386890889152,0.031819778471130225
dense,adjacent,natural,12,1,3,4.092594883315946,2.7755575615628914e-16,18,18,18,18,1.4796347570430475,0.4105333686609396,0.010840662243921636
dense,adjacent,natural,12,1,4,4.092594883315946,2.7755575615628914e-16,36,36,36,36,1.058327461134795,0.5773352196063715,0.0018958320830527347
dense,adjacent,natural,12,1,5,4.092594883315946,2.7755575615628914e-16,108,108,108,108,1.6803971507581568,0.4118574388819185,0.00021264598370904542
dense,adjacent,natural,12,1,6,4.092594883315946,2.7755575615628914e-16,216,201,212,216,1.1911665877085433,0.572255124600463,2.1463350957310822e-06
dense,adjacent,natural,12,1,7,4.092594883315946,2.7755575615628914e-16,108,108,108,108,1.7075727671414247,0.4115582051718357,0.00018150918971215918
dense,adjacent,natural,12,1,8,4.092594883315946,2.7755575615628914e-16,36,36,36,36,0.9679255549994751,0.5856085642311782,0.0016077765923958977
dense,adjacent,natural,12,1,9,4.092594883315946,2.7755575615628914e-16,18,18,18,18,1.629994208069061,0.40184570109143175,0.013611810582509242
dense,adjacent,natural,12,1,10,4.092594883315946,2.7755575615628914e-16,6,6,6,6,0.8653065137589189,0.5822240104487958,0.07942013111516327
dense,adjacent,natural,12,1,11,4.092594883315946,2.7755575615628914e-16,3,3,3,3,1.014221689136014,0.43073908166376024,0.25816480067720976
hchain,adjacent,natural,6,1,1,6.871687291378891,3.1393100476464613e-16,3,3,3,3,1.0967701941591632,0.7157432294014809,0.6716841921753671
hchain,adjacent,natural,6,1,2,6.871687291378891,3.1393100476464613e-16,6,6,6,6,0.5048494912826176,1.1033684773558798,0.0023423017086822927
hchain,adjacent,natural,6,1,3,6.871687291378891,3.1393100476464613e-16,18,9,17,18,1.0994436966394,0.7291874983140362,9.911568875200287e-06
hchain,adjacent,natural,6,1,4,6.871687291378891,3.1393100476464613e-16,6,6,6,6,0.5037835155863861,1.1036161606739352,0.002495521909224788
hchain,adjacent,natural,6,1,5,6.871687291378891,3.1393100476464613e-16,3,3,3,3,1.096096983899253,0.7205606666588507,0.6691038798776932
hchain,adjacent,natural,8,1,1,7.536101780708757,5.819540713274432e-16,3,3,3,3,1.0967700811325163,0.7434393240585225,0.697674053853552
hchain,adjacent,natural,8,1,2,7.536101780708757,5.819540713274432e-16,6,6,6,6,0.5048715821947012,1.1460572193941587,0.0024335526945183563
hchain,adjacent,natural,8,1,3,7.536101780708757,5.819540713274432e-16,18,9,17,18,1.099457470193638,0.7574941530492122,1.0722362483258079e-05
hchain,adjacent,natural,8,1,4,7.536101780708757,5.819540713274432e-16,36,8,12,15,0.5064378993512205,1.1456727759047873,1.4334588828847075e-06
hchain,adjacent,natural,8,1,5,7.536101780708757,5.819540713274432e-16,18,9,17,18,1.0994311740250176,0.757459221016692,1.1511525645436971e-05
hchain,adjacent,natural,8,1,6,7.536101780708757,5.819540713274432e-16,6,6,6,6,0.5037766869936042,1.1463216051381324,0.002591374193675108
hchain,adjacent,natural,8,1,7,7.536101780708757,5.819540713274432e-16,3,3,3,3,1.096096938594447,0.7484425673755605,0.6949942167880861
hchain,adjacent,natural,10,1,1,7.898273911684584,1.2136564269920654e-15,3,3,3,3,1.0967700801341063,0.7722061719139365,0.7246700352979206
hchain,adjacent,natural,10,1,2,7.898273911684584,1.2136564269920654e-15,6,6,6,6,0.5048717599169167,1.1904030190411592,0.002527721649103516
hchain,adjacent,natural,10,1,3,7.898273911684584,1.2136564269920654e-15,18,9,17,18,1.0994575257073844,0.786805742151497,1.1140686642975875e-05
hchain,adjacent,natural,10,1,4,7.898273911684584,1.2136564269920654e-15,36,8,12,15,0.5064601090210107,1.1899981789507559,1.4950375930306405e-06
hchain,adjacent,natural,10,1,5,7.898273911684584,1.2136564269920654e-15,72,9,17,18,1.099444931269174,0.7868633092846654,1.2457597060327088e-05
hchain,adjacent,natural,10,1,6,7.898273911684584,1.2136564269920654e-15,36,8,12,15,0.5064310355845362,1.1900056194530537,1.4908022456473424e-06
hchain,adjacent,natural,10,1,7,7.898273911684584,1.2136564269920654e-15,18,9,17,18,1.0994309072320891,0.7867688634435327,1.1953176149817669e-05
hchain,adjacent,natural,10,1,8,7.898273911684584,1.2136564269920654e-15,6,6,6,6,0.5037765838879154,1.190677706722793,0.002691631465513905
hchain,adjacent,natural,10,1,9,7.898273911684584,1.2136564269920654e-15,3,3,3,3,1.0960969382404466,0.7774030062152241,0.7218865070033126
hchain,adjacent,natural,12,1,1,8.11446226093114,2.8747866404322292e-15,3,3,3,3,1.0967700801257592,0.8020861233654567,0.7527106107011959
hchain,adjacent,natural,12,1,2,8.11446226093114,2.8747866404322292e-15,6,6,6,6,0.5048717612925725,1.2364647903049588,0.002625530014614654
hchain,adjacent,natural,12,1,3,8.11446226093114,2.8747866404322292e-15,18,9,17,18,1.0994575257508903,0.8172506215757382,1.157179486555648e-05
hchain,adjacent,natural,12,1,4,8.11446226093114,2.8747866404322292e-15,36,8,12,15,0.5064602879191469,1.2360442394937308,1.552930664350205e-06
hchain,adjacent,natural,12,1,5,8.11446226093114,2.8747866404322292e-15,72,9,17,18,1.0994449867210347,0.8173113510563468,1.2943650491957113e-05
hchain,adjacent,natural,12,1,6,8.11446226093114,2.8747866404322292e-15,44,8,12,15,0.5064532451117604,1.2360462338401572,1.554853090648236e-06
hchain,adjacent,natural,12,1,7,8.11446226093114,2.8747866404322292e-15,72,9,17,18,1.0994446631276678,0.8173107331628313,1.2935550340515454e-05
hchain,adjacent,natural,12,1,8,8.11446226093114,2.8747866404322292e-15,36,8,12,15,0.5064309319667112,1.2360520429287978,1.548444113239122e-06
hchain,adjacent,natural,12,1,9,8.11446226093114,2.8747866404322292e-15,18,9,17,18,1.0994309045776909,0.8172123100706487,1.241562406736586e-05
hchain,adjacent,natural,12,1,10,8.11446226093114,2.8747866404322292e-15,6,6,6,6,0.5037765829708207,1.2367501074318132,0.002795782027205752
hchain,adjacent,natural,12,1,11,8.11446226093114,2.8747866404322292e-15,3,3,3,3,1.0960969382373638,0.8074840453080916,0.7498193758474907
